<?xml version="1.0" encoding="UTF-8"?>
<GenRun Id="synth_1" LaunchPart="xc7a12tcsg325-3" LaunchTime="1747823178">
  <File Type="PA-TCL" Name="sobel_filter_tb.tcl"/>
  <File Type="RDS-PROPCONSTRS" Name="sobel_filter_tb_drc_synth.rpt"/>
  <File Type="REPORTS-TCL" Name="sobel_filter_tb_reports.tcl"/>
  <File Type="RDS-RDS" Name="sobel_filter_tb.vds"/>
  <File Type="RDS-UTIL" Name="sobel_filter_tb_utilization_synth.rpt"/>
  <File Type="RDS-UTIL-PB" Name="sobel_filter_tb_utilization_synth.pb"/>
  <File Type="RDS-DCP" Name="sobel_filter_tb.dcp"/>
  <File Type="VDS-TIMINGSUMMARY" Name="sobel_filter_tb_timing_summary_synth.rpt"/>
  <File Type="VDS-TIMING-PB" Name="sobel_filter_tb_timing_summary_synth.pb"/>
  <FileSet Name="sources" Type="DesignSrcs" RelSrcDir="$PSRCDIR/sources_1" RelGenDir="$PGENDIR/sources_1">
    <Filter Type="Srcs"/>
    <File Path="$PSRCDIR/sources_1/new/sobel_filter.sv">
      <FileInfo>
        <Attr Name="UsedIn" Val="synthesis"/>
        <Attr Name="UsedIn" Val="implementation"/>
        <Attr Name="UsedIn" Val="simulation"/>
      </FileInfo>
    </File>
    <File Path="$PSRCDIR/sources_1/new/sobel_filter_tb.sv">
      <FileInfo>
        <Attr Name="UsedIn" Val="synthesis"/>
        <Attr Name="UsedIn" Val="implementation"/>
        <Attr Name="UsedIn" Val="simulation"/>
      </FileInfo>
    </File>
    <Config>
      <Option Name="DesignMode" Val="RTL"/>
      <Option Name="TopModule" Val="sobel_filter_tb"/>
      <Option Name="TopAutoSet" Val="TRUE"/>
    </Config>
  </FileSet>
  <FileSet Name="constrs_in" Type="Constrs" RelSrcDir="$PSRCDIR/constrs_1" RelGenDir="$PGENDIR/constrs_1">
    <Filter Type="Constrs"/>
    <Config>
      <Option Name="ConstrsType" Val="XDC"/>
    </Config>
  </FileSet>
  <FileSet Name="utils" Type="Utils" RelSrcDir="$PSRCDIR/utils_1" RelGenDir="$PGENDIR/utils_1">
    <Filter Type="Utils"/>
    <Config>
      <Option Name="TopAutoSet" Val="TRUE"/>
    </Config>
  </FileSet>
  <Strategy Version="1" Minor="2">
    <StratHandle Name="Vivado Synthesis Defaults" Flow="Vivado Synthesis 2024"/>
    <Step Id="synth_design"/>
  </Strategy>
</GenRun>
